#ring-3 defect coordinator,r3
#storage defect coordinator,sto
#ring-0 defect coordinator,r0
adithyak,qa
adrianj,xc
akshayr,r3
alexbre,qa
andreil,sto
andrewbe,perf
andrewcoop,r0
andrewdunn1,r0
anoobs,r0
anupak,qa
bench,win
billbri,pm
brindas,qa
brucel,qa
chandrikas,sto
chetank,qa
chintamans
chrishard,xc
daniellam,qa
davidcot,partner
davidvr,r0
dominicc,r0
dougcl,qa
euanh,partner
ewanm,r0
felipef,perf
fredianoz,r0
gabora,xc
garyk,sto
gavind,pm
germanop,sto
hhughes,xc
jasonc,xc
jeromem,r3
jobyp,qa
johndi,qa
johnel,r3
johnna,xc
jonathandav,perf
jonathankno,r0
jonathanlu,r3
junwookk,qa
kasiab,qa
keithpe,sto
konstantin1,xc
malcolmc,r0
marct,pm
marcusg,perf
matthewpo,perf
mayurv,qa
mihaelas,xc
mikebu,r0
mikemc,r3
nehalb,r0
owensm,win
partha,qa
pauldu,win
peenus,qa
philippeg,r3
ravik,qa
ravip,qa
robdo,partner
robertbre,partner
robho,r3
ryanbr,qa
sagnikd,qa
sallyn,doc
santoshj,r0
shand,r0
sharady,qa
shivac,pm
shubhama,qa
siddharthv,r3
simonbe,r3
simonr,r0
sinild,qa
sisimons,r0
souvikkrm,qa
stephentu,xc
sugandhaa,qa
syeda,qa
szymonz,qa
t_ankitj,qa
t_billyg,r0
t_devangs,qa
thanosm,sto
thomaslac,qa
thomassa,r3
t_manuma,qa
t_prabhatg1,qa
usham,doc
vetrivelc,qa
victorr,qa
vineetht,sto
vinodp,qa
vivekkumac,qa
xenrt,qa
zhengl,r3
zoltanki,r0
